Model,Accuracy,Precision,Recall,F1-Score
DenseNet201Model,0.9572602739726026,0.9581319332412909,0.9572602739726026,0.9573066583042016
InceptionResNetV2Model,0.9342465753424658,0.9347665068164333,0.9342465753424658,0.9338738464615653
MobileNetV2Model,0.9550684931506849,0.9557369457708214,0.9550684931506849,0.9549783765120472
ResNet50Model,0.9298630136986301,0.9301504037402577,0.9298630136986301,0.929728585559646
