Model,Time
DenseNet201Model,221.14710121154786
InceptionResNetV2Model,219.85583372116088
MobileNetV2Model,74.45274448394775
ResNet50Model,313.01800417900085
